Date,Open,High,Low,Close,Adj Close,Volume,7_day_MA,21_day_MA,12_day_EMA,26_day_EMA,MACD,RSI,ROC,20_day_SMA,20_day_STD,Upper_Bollinger,Lower_Bollinger,Volatility,Skewness,Kurtosis
2022-01-03,4778.14013671875,4796.64013671875,4758.169921875,4796.56005859375,4796.56005859375,3831020000,,,4796.56005859375,4796.56005859375,0.0,,,,,,,,,
2022-01-04,4804.509765625,4818.6201171875,4774.27001953125,4793.5400390625,4793.5400390625,4683170000,,,4796.095440204327,4796.336353443287,-0.2409132389602746,,,,,,,,,
2022-01-05,4787.990234375,4797.7001953125,4699.43994140625,4700.580078125,4700.580078125,4887960000,,,4781.4007691152,4789.243296012303,-7.842526897103198,,,,,,,,,
2022-01-06,4693.39013671875,4725.009765625,4671.259765625,4696.0498046875,4696.0498046875,4295280000,,,4768.269851510939,4782.340074432688,-14.070222921749519,,,,,,,,,
2022-01-07,4697.66015625,4707.9501953125,4662.740234375,4677.02978515625,4677.02978515625,4181510000,,,4754.232918225602,4774.5393122640635,-20.306394038461804,,,,,,,,,
2022-01-10,4655.33984375,4673.02001953125,4582.240234375,4670.2900390625,4670.2900390625,4511810000,,,4741.318629123586,4766.817143878763,-25.498514755176984,,,,,,,,,
2022-01-11,4669.14013671875,4714.1298828125,4638.27001953125,4713.06982421875,4713.06982421875,4101590000,4721.01708984375,,4736.972659138227,4762.835860940984,-25.86320180275743,,,,,,,52.56524636513409,,
2022-01-12,4728.58984375,4748.830078125,4706.7099609375,4726.35009765625,4726.35009765625,4048220000,4710.987095424107,,4735.338418910231,4760.133211808782,-24.79479289855135,,,,,,,41.22322581773872,,
2022-01-13,4733.56005859375,4744.1298828125,4650.2900390625,4659.02978515625,4659.02978515625,4251730000,4691.771344866072,,4723.598629101926,4752.64406909378,-29.045439991853527,,,,,,,24.138434709220544,,
2022-01-14,4637.990234375,4665.1298828125,4614.75,4662.85009765625,4662.85009765625,4338490000,4686.38134765625,,4714.252701187207,4745.992663802111,-31.73996261490356,,-0.027876219478986553,,,,,25.985458915706715,,
2022-01-18,4632.240234375,4632.240234375,4568.7001953125,4577.10986328125,4577.10986328125,4748700000,4669.389927455357,,4693.15380304783,4733.482826726491,-40.32902367866154,,-0.04515038447943753,,,,,48.09241825798699,,
2022-01-19,4588.02978515625,4611.5498046875,4530.2001953125,4532.759765625,4532.759765625,4465740000,4648.779924665178,,4668.477797290471,4718.614451830084,-50.13665453961312,,-0.03570204309059266,,,,,70.13476593248735,,
2022-01-20,4547.35009765625,4602.10986328125,4477.9501953125,4482.72998046875,4482.72998046875,4640870000,4621.985630580357,,4639.90121008713,4701.141528025541,-61.24031793841186,,-0.04542537517507128,,,,,92.7340929145918,,
2022-01-21,4471.3798828125,4494.52001953125,4395.33984375,4397.93994140625,4397.93994140625,5589100000,4576.967075892857,,4602.67639952084,4678.682151238927,-76.00575171808669,11.551424017844013,-0.05967245379444941,,,,,114.97182305231551,,
2022-01-24,4356.31982421875,4417.35009765625,4222.6201171875,4410.1298828125,4410.1298828125,6928110000,4531.792759486607,,4573.053858488788,4658.789390614747,-85.73553212595925,13.583542930345686,-0.05570535321661174,,,,,108.43235244474181,,
2022-01-25,4366.64013671875,4411.009765625,4287.10986328125,4356.4501953125,4356.4501953125,5145050000,4488.567103794643,,4539.730218000129,4636.393894666432,-96.66367666630322,12.399610201955724,-0.07566610345420977,,,,,109.56124868469436,,
2022-01-26,4408.43017578125,4453.22998046875,4304.7998046875,4349.93017578125,4349.93017578125,5570640000,4443.8642578125,,4510.530211504917,4615.174359934196,-104.64414842927908,14.565823013408263,-0.0796428351893913,,,,,88.39233381860734,,
2022-01-27,4380.580078125,4428.740234375,4309.5,4326.509765625,4326.509765625,5214200000,4408.064243861607,,4482.219373677238,4593.791797392774,-111.57242371553639,14.03017819086746,-0.07137108687106153,,,,,75.19466574062342,,
2022-01-28,4336.18994140625,4432.72021484375,4292.4599609375,4431.85009765625,4431.85009765625,5031090000,4393.648577008928,,4474.470254289394,4581.79611593081,-107.32586164141594,29.56839262956929,-0.04954051602819287,,,,,53.98694297745847,,
2022-01-31,4431.7900390625,4516.89013671875,4414.02001953125,4515.5498046875,4515.5498046875,5098610000,4398.337123325893,,4480.790185119871,4576.888981764639,-96.09879664476739,38.570962827895805,-0.013449547953305774,4573.815454101563,155.0062686396944,4883.827991380952,4263.802916822174,63.584688504800674,,
2022-02-01,4519.56982421875,4550.490234375,4483.52978515625,4546.5400390625,4546.5400390625,4816830000,4419.565708705357,4572.5166248139885,4490.9055472648915,4574.640911934851,-83.73536466995938,37.48218966710735,0.0030401508462913895,4561.314453125,145.9118717368509,4853.138196598702,4269.490709651298,84.72253959482178,-0.19968019079685068,-1.2839998096353196
2022-02-02,4566.39013671875,4595.31005859375,4544.31982421875,4589.3798828125,4589.3798828125,4481580000,4445.1728515625,4562.6509021577385,4506.055445041447,4575.732687555417,-69.67724251397067,40.142211639088586,0.023791284063154228,4551.1064453125,135.58646281418817,4822.279370940876,4279.933519684124,105.8498865159556,-0.22554148326777343,-1.2323187411195589
2022-02-03,4535.41015625,4542.8798828125,4470.39013671875,4477.43994140625,4477.43994140625,4401970000,4462.457101004465,4547.598516555059,4501.653059866801,4568.451743396219,-66.79868352941776,37.719638882835035,0.018076645215527876,4539.949438476562,131.76632025786412,4803.482078992291,4276.416797960834,98.57605292037915,-0.20731691381058645,-1.3322509724227616
2022-02-04,4482.7900390625,4539.66015625,4451.5,4500.52978515625,4500.52978515625,4706290000,4483.971330915178,4538.072312127976,4501.480248372871,4563.420487230295,-61.94023885742445,39.30160769386234,0.020498240357061492,4530.1734375,126.7322251144001,4783.6378877288,4276.7089872711995,85.48939019350226,-0.08993710564580232,-1.2573269296002816
2022-02-07,4505.75,4521.85986328125,4471.47021484375,4483.8701171875,4483.8701171875,4228480000,4506.451381138393,4527.968517485119,4498.770997421276,4557.527867227125,-58.75686980584942,43.23898491478051,0.029248566186319103,4520.515454101563,122.23182429195157,4764.9791026854655,4276.05180551766,50.85766429991797,0.04004537305241335,-1.1376221080504223
2022-02-08,4480.02001953125,4531.31982421875,4465.39990234375,4521.5400390625,4521.5400390625,4459620000,4519.264229910715,4520.564243861607,4502.273926904541,4554.8621021778945,-52.588175273353045,49.17847458984509,0.03945117653536334,4513.077954101563,117.0546552221054,4747.187264545773,4278.968643657352,38.79893588186384,0.1360338933398851,-0.9372895320933861
2022-02-09,4547.0,4590.02978515625,4547.0,4587.18017578125,4587.18017578125,4524350000,4529.497140066965,4516.606631324405,4515.336426731727,4557.256033555921,-41.91960682419358,57.47707390458774,0.06024958321539664,4506.783471679688,108.83015130779253,4724.443774295273,4289.1231690641025,46.36438315179616,0.1534690264978798,-0.7726732422593474
2022-02-10,4553.240234375,4588.919921875,4484.31005859375,4504.080078125,4504.080078125,5314860000,4523.431431361607,4506.654738653274,4513.604680792231,4553.317073894371,-39.712393102139686,57.61647646644546,0.01629792950509512,4495.669970703125,95.79683596981428,4687.263642642753,4304.076298763496,46.54022100502834,0.1604390670428781,-0.5099493132166968
2022-02-11,4506.27001953125,4526.330078125,4401.41015625,4418.64013671875,4418.64013671875,5251500000,4499.0400390625,4492.001883370535,4498.994750934772,4543.341004473955,-44.346253539182726,50.552592514620926,-0.02146132191215122,4483.65048828125,89.06575012062083,4661.781988522492,4305.518988040008,50.76644246500215,0.025875800428313625,-0.713770987211432
2022-02-14,4412.60986328125,4426.22021484375,4364.83984375,4401.669921875,4401.669921875,4600390000,4488.215750558035,4479.746651785715,4484.021700310192,4532.846850207366,-48.825149897174015,53.083217919352265,-0.03186381642805736,4470.591479492187,80.1048681428583,4630.801215777904,4310.381743206471,62.79279289094044,0.06252243077721464,-0.6898762979018511
2022-02-15,4429.27978515625,4472.77001953125,4429.27978515625,4471.06982421875,4471.06982421875,4430830000,4484.007184709822,4470.6142578125,4482.029103988431,4528.270774208209,-46.241670219777916,57.607361135471336,-0.02577909469574058,4465.289477539062,76.0923422172153,4617.474161973493,4313.104793104631,62.81715820634017,-0.20814250951334184,-0.9374441946770387
2022-02-16,4455.75,4489.5498046875,4429.68017578125,4475.009765625,4475.009765625,4283640000,4482.741420200893,4465.752348400298,4480.949205778673,4524.325514313157,-43.37630853448445,59.55943276072123,-0.0005427601069031285,4462.4019775390625,74.4758305686831,4611.353638676429,4313.450316401696,62.909580397662836,-0.19229016884672953,-0.7724260726268528
2022-02-17,4456.06005859375,4456.06005859375,4373.81005859375,4380.259765625,4380.259765625,4539420000,4462.558523995535,4458.490443638393,4465.458522678108,4513.653977373294,-48.19545469518562,46.633053606903104,-0.026723524845436497,4457.278466796875,76.50092722779249,4610.28032125246,4304.27661234129,70.58257981406274,-0.0018067426009442408,-0.8444747383949678
2022-02-18,4384.56982421875,4394.60009765625,4327.22021484375,4348.8701171875,4348.8701171875,4708060000,4428.514229910715,4452.116164434524,4447.521844910322,4501.447765507679,-53.92592059735671,38.32479878952215,-0.03010791938029611,4454.824975585938,79.24192230278771,4613.308820191513,4296.341130980362,56.52846402457312,0.10698592904262354,-1.0050928220533288
2022-02-22,4332.740234375,4362.1201171875,4267.10986328125,4304.759765625,4304.759765625,5121900000,4400.039899553572,4447.679013206845,4425.558448097196,4486.878284034888,-61.319835937692005,33.3699854645305,-0.04794390220249989,4449.556469726563,85.61638296167662,4620.789235649916,4278.323703803209,62.05140484462741,-0.014371105901740414,-1.0218200389540457
2022-02-23,4324.93017578125,4341.509765625,4221.509765625,4225.5,4225.5,4797430000,4372.448451450893,4438.887114025298,4394.780225313012,4467.516929661933,-72.7367043489212,26.165886296182578,-0.07884586214659672,4443.008959960937,97.31886310523491,4637.646686171407,4248.371233750468,89.34152889698248,-0.347231275099631,-0.6009393162629153
2022-02-24,4155.77001953125,4294.72998046875,4114.64990234375,4288.7001953125,4288.7001953125,6752130000,4356.309919084822,4435.660923549107,4378.460220697549,4454.27124563605,-75.81102493850085,36.79439113765859,-0.04781883960246114,4439.9474609375,101.2834325474704,4642.514326032441,4237.380595842559,93.29894890249508,-0.35154589932309027,-0.7708972831909073
2022-02-25,4298.3798828125,4385.33984375,4286.830078125,4384.64990234375,4384.64990234375,5177060000,4343.964215959822,4437.314243861607,4379.412479412349,4449.114109095879,-69.70162968352997,42.64235551769081,-0.00769246494923681,4442.854467773437,98.65651096423692,4640.167489701911,4245.541445844963,80.40995722242808,-0.38963593657693063,-0.6618395735574825
2022-02-28,4354.169921875,4388.83984375,4315.1201171875,4373.93994140625,4373.93994140625,6071370000,4329.525669642857,4439.572823660715,4378.5705504883335,4443.54565222998,-64.97510174164654,42.96698744762031,-0.006299877310413482,4439.958959960937,99.83920557576258,4639.6373711124625,4240.280548809412,59.24648233416855,-0.42562917882706497,-0.4923825776240478
2022-03-01,4363.14013671875,4378.4501953125,4279.5400390625,4306.259765625,4306.259765625,5846230000,4318.954241071428,4433.592331659226,4367.445814355513,4433.376327296278,-65.93051294076486,36.736312253539936,-0.03686143698785738,4429.494458007813,102.43376683369422,4634.361991675201,4224.626924340424,55.145175210824306,-0.3088270219322424,-0.828251209698172
2022-03-02,4322.56005859375,4401.47998046875,4322.56005859375,4386.5400390625,4386.5400390625,5337870000,4324.335658482143,4427.449009486607,4370.383387387357,4429.906972612294,-59.52358522493705,37.85736195321915,-0.01976972815614486,4421.494458007813,99.0019322590682,4619.498322525949,4223.490593489676,60.16104078091069,-0.16579500343189527,-0.7985472901677659
2022-03-03,4401.31005859375,4416.77978515625,4345.56005859375,4363.490234375,4363.490234375,5039890000,4332.725725446428,4418.732352120535,4369.322902308533,4424.987214224347,-55.664311915813414,40.82467301537124,-0.0038284330490173657,4410.199975585938,91.4370466966173,4593.074068979173,4227.325882192703,61.064470894283886,-0.013690745603930474,-0.6820736993249765
2022-03-04,4342.1201171875,4342.1201171875,4284.97998046875,4328.8701171875,4328.8701171875,5797380000,4347.492885044643,4406.3271251860115,4363.099396905298,4417.867429258654,-54.76803235335592,43.725097357939326,-0.0045988956811923165,4402.771484375,91.72143751414474,4586.21435940329,4219.32860934671,39.505788885791624,0.016732199018731103,-0.6616492053314698
2022-03-07,4327.009765625,4327.009765625,4199.85009765625,4201.08984375,4201.08984375,6940470000,4334.977120535715,4393.167596726191,4338.174850266021,4401.809830332087,-63.63498006606551,37.86011416790886,-0.024082626562076825,4387.799487304687,99.06914245846255,4585.937772221612,4189.661202387762,66.13748777938882,-0.045157758360736724,-0.5860713384114131
2022-03-08,4202.66015625,4276.93994140625,4157.8701171875,4170.7001953125,4170.7001953125,7243120000,4304.412876674107,4377.46142578125,4312.40951873471,4384.690598108414,-72.2810793737035,30.919459727382304,-0.012968833200213026,4372.1409912109375,107.47777528418493,4587.096541779308,4157.185440642567,85.85386384921348,-0.08798884939488338,-0.5004308456531938
2022-03-09,4223.10009765625,4299.39990234375,4223.10009765625,4277.8798828125,4277.8798828125,5662670000,4290.690011160715,4367.6523670014885,4307.09726705437,4376.77869327168,-69.68142621731022,38.92963613748988,-0.0025229817910392693,4359.957983398437,103.3834301319423,4566.724843662321,4153.191123134553,80.3918356082028,0.10098995814083317,-0.45201261340216004
2022-03-10,4252.5498046875,4268.27978515625,4209.7998046875,4259.52001953125,4259.52001953125,4980830000,4284.012904575893,4355.175223214285,4299.777690512351,4368.092865587204,-68.31517507485296,42.583184412134685,-0.028538169659934276,4343.574975585938,90.65967009876603,4524.89431578347,4162.255635388406,80.82300441131143,0.25656610429031884,-0.23542191562353088
2022-03-11,4279.5,4291.009765625,4200.490234375,4204.31005859375,4204.31005859375,4938640000,4257.980050223215,4336.943312872024,4285.090362524874,4355.960805809911,-70.87044328503725,41.372430968432305,-0.03878194147264924,4328.586474609375,87.45045689122723,4503.487388391829,4153.685560826921,71.05269413588955,-0.04716935444255403,-0.8170558603925309
2022-03-14,4202.75,4247.56982421875,4161.72021484375,4173.10986328125,4173.10986328125,5574920000,4230.782854352678,4321.182826450893,4267.86259341047,4342.4162915485285,-74.55369813805828,42.019956988941786,-0.03092008136774005,4316.3099609375,91.29279808202348,4498.895557101548,4133.724364773453,59.41892163989578,-0.11789652309980841,-0.9646341532134635
2022-03-15,4188.81982421875,4271.0498046875,4187.89990234375,4262.4501953125,4262.4501953125,5392470000,4221.294294084822,4313.745210193452,4267.029916780013,4336.492877012526,-69.46296023251307,52.212718526203254,-0.02828877489888837,4309.348974609375,89.73603672643077,4488.8210480622365,4129.876901156513,44.60031654302768,0.04950548723858234,-0.8682407247221344
2022-03-16,4288.14013671875,4358.89990234375,4251.990234375,4357.85986328125,4357.85986328125,6309750000,4243.690011160715,4311.659016927083,4281.003754703281,4338.075616736135,-57.07186203285437,53.9877124434737,-0.0012903365863855543,4303.6884765625,82.25679233466097,4468.202061231822,4139.174891893178,66.66594243894595,0.08065533862913266,-0.7482890136572311
2022-03-17,4345.10986328125,4412.669921875,4335.64990234375,4411.669921875,4411.669921875,4985090000,4278.1142578125,4308.830450148809,4301.106241960469,4343.527046746422,-42.420804785952896,51.6375372046488,0.01912734788663406,4300.521484375,76.31852554089532,4453.158535456791,4147.884433293209,82.92629576000834,-0.06922521915895698,-0.8223251446689663
2022-03-18,4407.33984375,4465.39990234375,4390.56982421875,4463.1201171875,4463.1201171875,8278430000,4304.5771484375,4308.264276413691,4326.031453533858,4352.38579270502,-26.354339171161882,55.1503967396791,0.0623719756499197,4304.664501953125,82.8450231890614,4470.354548331248,4138.974455575002,108.46331498152101,-0.13490270002689347,-0.9252836843552803
2022-03-21,4462.39990234375,4481.75,4424.2998046875,4461.18017578125,4461.18017578125,4869820000,4333.3857421875,4312.117629278274,4346.823564648842,4360.444635895852,-13.62107124701015,59.68228334129822,0.06964777300349323,4310.280004882812,89.53535078077196,4489.350706444356,4131.209303321269,120.60304167783094,-0.0037862590817438107,-0.9295373562129785
2022-03-22,4469.10009765625,4522.0,4469.10009765625,4511.60986328125,4511.60986328125,4754840000,4377.285714285715,4319.867140997024,4372.175302899981,4371.6420601466225,0.533242753358536,58.11963048410994,0.05463687314078669,4320.622509765625,100.17849660153526,4520.979502968696,4120.265516562555,121.71237568173039,0.18630305919380977,-0.8463313125986067
2022-03-23,4493.10009765625,4501.06982421875,4455.81005859375,4456.240234375,4456.240234375,4550670000,4417.73291015625,4327.080496651785,4385.108369280753,4377.908591570947,7.199777709806767,55.77889355508799,0.04618365776935551,4332.159521484375,101.91862466581979,4535.996770816014,4128.322272152735,83.64371155596886,0.06839644110432483,-1.072731739292901
2022-03-24,4469.97998046875,4520.580078125,4465.169921875,4520.16015625,4520.16015625,4131390000,4454.548618861607,4341.111932663691,4405.885567276022,4388.445744510135,17.439822765886674,61.49871089237242,0.07512531027787595,4343.73251953125,109.57755124178559,4562.88762201482,4124.577417047679,56.07802192467792,-0.00490034693103881,-1.0349057604739713
2022-03-25,4522.91015625,4546.02978515625,4501.06982421875,4543.06005859375,4543.06005859375,4305020000,4481.005789620535,4353.224307105655,4426.989335171057,4399.898656664477,27.090678506579934,73.52222630480503,0.08865095993940941,4351.65302734375,118.08562943878039,4587.824286221311,4115.481768466189,45.5597658278224,-0.04813558877598707,-1.07489810404145
2022-03-28,4541.08984375,4575.64990234375,4517.68994140625,4575.52001953125,4575.52001953125,4312260000,4504.412946428572,4362.313360305059,4449.84020968801,4412.90764650646,36.932563181549995,77.76621974360812,0.0734483242908126,4361.73203125,128.25305966944492,4618.23815058889,4105.2259119111095,46.087535814021855,0.025464778402756367,-1.1235281648974593
2022-03-29,4602.85986328125,4637.2998046875,4589.66015625,4631.60009765625,4631.60009765625,5085910000,4528.481515066965,4374.582891555059,4477.803269375431,4429.107087332371,48.69618204306062,76.09020260074033,0.06281529075349557,4377.999047851563,140.85965082996896,4659.7183495115005,4096.279746191625,62.12992765303035,0.1243102179674708,-1.07990722629782
2022-03-30,4624.2001953125,4627.77001953125,4581.31982421875,4602.4501953125,4602.4501953125,4385570000,4548.662946428572,4388.687197730655,4496.979719519596,4441.947317553121,55.032401966474936,74.89802502135927,0.043244457725979846,4388.7945556640625,149.55405512704908,4687.902665918161,4089.686445409964,59.51418828875549,0.00846778625094289,-1.2009189694527482
2022-03-31,4599.02001953125,4603.06982421875,4530.41015625,4530.41015625,4530.41015625,4823020000,4551.348702566965,4395.538155691965,4502.122863631966,4448.500120419557,53.62274321240875,73.11129152037252,0.015076905235726468,4397.140551757812,152.6922342028705,4702.525020163554,4091.756083352071,57.9674794207246,-0.08943301777472419,-1.3058231579695099
2022-04-01,4540.31982421875,4548.7001953125,4507.56982421875,4545.85986328125,4545.85986328125,4562940000,4564.151506696428,4404.222423735119,4508.851632808779,4455.711953224127,53.139679584652185,77.02069791576703,0.018981454270712295,4407.9900390625,155.2732401826423,4718.536519427785,4097.443558697215,40.82175911241604,-0.20945884574912063,-1.3704627946268557
2022-04-04,4547.97021484375,4583.5,4539.2099609375,4582.64013671875,4582.64013671875,4547350000,4573.077218191965,4416.306710379465,4520.20371033339,4465.114040890395,55.08966944299482,75.12519512047467,0.015743886459597345,4427.067553710937,151.91786868798053,4730.903291086898,4123.231816334976,36.16491934707663,-0.3509550653816598,-1.3608758109765497
2022-04-05,4572.4501953125,4593.4501953125,4514.169921875,4525.1201171875,4525.1201171875,4800620000,4570.514369419643,4431.736723400298,4520.960080618637,4469.558935430921,51.40114518771588,63.95465081699413,0.015456950072208153,4444.788549804687,140.69585457707723,4726.1802589588415,4163.396840650533,39.15840620242063,-0.5443867263099433,-1.1061647437551736
2022-04-06,4494.169921875,4503.93994140625,4450.0400390625,4481.14990234375,4481.14990234375,4986830000,4557.032924107143,4446.5200427827385,4514.835437807116,4470.417525572612,44.417912234504,55.893533287000714,-0.008630281352378755,4454.95205078125,135.2403039053185,4725.432658591887,4184.471442970614,51.46032537564608,-0.6815432977973901,-0.791262212450329
2022-04-07,4474.64990234375,4521.16015625,4450.2998046875,4500.2099609375,4500.2099609375,4821490000,4538.262904575893,4457.107189360119,4512.58536444256,4472.624372636678,39.96099180588135,53.32901502176394,-0.009431990135194024,4466.986547851562,127.41702633605935,4721.820600523681,4212.152495179444,42.99492386018054,-0.9017468243477392,-0.30643927017046746
2022-04-08,4494.14990234375,4520.41015625,4474.60009765625,4488.27978515625,4488.27978515625,4083200000,4521.952845982143,4468.0005115327385,4508.846044552358,4473.784032823313,35.06201172904457,52.38948523168965,-0.019066736458938638,4481.185034179687,111.42365738408185,4704.032348947851,4258.337719411524,35.60795492103002,-1.1485321707106304,0.4763034473983776
2022-04-11,4462.64013671875,4464.35009765625,4408.3798828125,4412.52978515625,4412.52978515625,4266290000,4505.11279296875,4477.915736607143,4494.028158491418,4469.246681144272,24.781477347146392,41.63711656997974,-0.04729905602404172,4493.156030273438,86.70170714548743,4666.559444564413,4319.752615982463,54.043697083983766,-1.24563223772605,1.3970727017205782
2022-04-12,4437.58984375,4471.0,4381.33984375,4397.4501953125,4397.4501953125,4152090000,4483.911411830357,4488.5986095610115,4479.170010310047,4463.928422934511,15.241587375535346,44.67568189054374,-0.044541492313982745,4499.906030273438,71.76339375352336,4643.432817780485,4356.379242766391,63.651064964703096,-0.7083866085141087,0.46951521334945445
2022-04-13,4394.2998046875,4453.919921875,4392.7001953125,4446.58984375,4446.58984375,3828150000,4464.475655691965,4497.3671642485115,4474.157676993116,4462.644083735659,11.513593257457615,43.15382448360157,-0.018501705057402895,4504.342529296875,64.93784911013852,4634.218227517152,4374.466831076598,47.09926828171356,-0.04132715438045762,-0.6207582143371266
2022-04-14,4449.1201171875,4460.4599609375,4390.77001953125,4392.58984375,4392.58984375,4083090000,4445.542759486607,4499.0209728422615,4461.608779571098,4457.454880773757,4.153898797340844,36.76392896504862,-0.03371639780831648,4503.388525390625,66.49250404348257,4636.37353347759,4370.403517303659,45.25977569072733,0.13473560548312924,-0.8163028946389903
2022-04-18,4385.6298828125,4410.31005859375,4370.2998046875,4391.68994140625,4391.68994140625,3910490000,4432.762765066965,4498.069545200893,4450.852035238045,4452.583403783571,-1.731368545526493,32.878810479249964,-0.04166816280914076,4499.8170166015625,70.5630454385792,4640.943107478721,4358.690925724404,46.1512790805673,0.08093913425445733,-0.8155408430602358
2022-04-19,4390.6298828125,4471.02978515625,4390.6298828125,4462.2099609375,4462.2099609375,4108120000,4427.334193638393,4498.026204427083,4452.599408422576,4453.296482091269,-0.6970736686935197,34.63691752558145,-0.01390242791811247,4499.868505859375,70.53373824819961,4640.935982355774,4358.801029362975,38.49539098859367,0.08225346684494465,-0.8178954534955718
2022-04-20,4472.259765625,4488.2900390625,4448.759765625,4459.4501953125,4459.4501953125,4290450000,4423.215680803572,4497.9438244047615,4453.653375636411,4453.75231270025,-0.0989370638390028,36.37834257679578,-0.004842441673263531,4497.260522460938,71.03924237952107,4639.33900721998,4355.182037701896,31.858301289888715,0.08460399736788302,-0.8225636783015458
2022-04-21,4489.169921875,4512.93994140625,4384.47021484375,4393.66015625,4393.66015625,4636890000,4420.52001953125,4492.3271716889885,4444.423649576963,4449.3010418520835,-4.8773922751206555,36.816720862667275,-0.02367662967114159,4494.131518554687,74.2469080464675,4642.625334647622,4345.637702461752,33.660517683803,0.1597401192032684,-0.9810885004388599
2022-04-22,4385.830078125,4385.830078125,4267.6201171875,4271.77978515625,4271.77978515625,4651940000,4402.567103794643,4483.543340773809,4417.8630550507,4436.151319133874,-18.288264083174,28.07640271090267,-0.04823674333227046,4481.7125,88.97593603196896,4659.664372063938,4303.760627936062,65.99680920667794,-0.4230093223101555,-0.09895107792748581
2022-04-25,4255.33984375,4299.02001953125,4200.81982421875,4296.1201171875,4296.1201171875,5240040000,4381.071428571428,4472.874767485119,4399.1333723025145,4425.778637508217,-26.645265205702344,26.61596079340903,-0.026381616359928528,4469.365502929688,96.80410755260199,4662.973718034892,4275.757287824484,73.36209728034777,-0.3625036491512468,-0.48128738220899825
2022-04-26,4278.14013671875,4278.14013671875,4175.0400390625,4175.2001953125,4175.2001953125,4689970000,4350.015764508928,4455.357631138393,4364.682114304051,4407.217271419646,-42.53515711559521,24.119881837157735,-0.050540651998039476,4449.34951171875,113.624802303004,4676.599116324758,4222.099907112743,106.29447681403327,-0.6593557618720861,0.105463577104008
2022-04-27,4186.52001953125,4240.7099609375,4162.89990234375,4183.9599609375,4183.9599609375,4769680000,4320.340053013393,4436.7119140625,4336.878706093812,4390.679692865413,-53.80098677160095,26.81209278439279,-0.05906321294320527,4426.967504882812,119.75821502615689,4666.483934935126,4187.451074830498,120.73687141696101,-0.6100348659381672,-0.2321311939577133
2022-04-28,4222.580078125,4308.4501953125,4188.6298828125,4287.5,4287.5,4854180000,4295.381487165178,4420.3261951264885,4329.281982079379,4383.03675265316,-53.75477057378066,35.33660869483262,-0.023924347022640235,4411.219995117188,116.12060433246529,4643.461203782119,4178.978786452257,103.32411864328147,-0.5711573890115699,-0.48041161062290305
2022-04-29,4253.75,4269.68017578125,4124.27978515625,4131.93017578125,4131.93017578125,5084030000,4248.592912946428,4397.920479910715,4298.920165725821,4364.436265477463,-65.51609975164229,29.495372014511062,-0.05914802025887622,4391.29599609375,128.15555806422802,4647.607112222206,4134.984879965294,89.93408365621397,-0.6547384601051325,-0.5878215070308874
2022-05-02,4130.60986328125,4169.81005859375,4062.510009765625,4155.3798828125,4155.3798828125,5163790000,4214.552873883928,4380.061895461309,4276.837045277617,4348.950607502281,-72.11356222466384,34.25578640798757,-0.0687619096391725,4371.771997070313,133.02073184297168,4637.813460756256,4105.73053338437,68.38851086490277,-0.49987518551597143,-0.9076056034340141
2022-05-03,4159.77978515625,4200.10009765625,4147.080078125,4175.47998046875,4175.47998046875,4582050000,4200.795758928572,4362.424758184524,4261.243650691637,4336.100931425723,-74.85728073408518,36.4927301802554,-0.06367830167544919,4351.413989257812,130.1763986858636,4611.76678662954,4091.061191886085,64.53538390257091,-0.3488622880534396,-1.1342585912742673
2022-05-04,4181.18017578125,4307.66015625,4148.91015625,4300.169921875,4300.169921875,5136360000,4201.374302455357,4348.973795572917,4267.23230779677,4333.439375162706,-66.20706736593547,41.840353174356984,-0.021278440081900718,4340.166479492187,123.94693405364026,4588.060347599468,4092.2726113849067,65.5426612320217,-0.37465396807229917,-1.234546146354782
2022-05-05,4270.43017578125,4270.43017578125,4106.009765625,4146.8701171875,4146.8701171875,5077030000,4197.3271484375,4330.9618908110115,4248.715047703036,4319.619430127505,-70.90438242446908,37.671103332301094,-0.02924066179693796,4323.452490234375,126.44824532876157,4576.348980891898,4070.5559995768517,68.24711078833391,-0.2693052740228026,-1.4092514080580678
2022-05-06,4128.169921875,4157.68994140625,4067.909912109375,4123.33984375,4123.33984375,5116940000,4188.667131696428,4313.9233165922615,4229.426554787185,4305.080201506949,-75.65364671976477,36.83461103027522,-0.040217747345158594,4304.608984375,126.80161250840486,4558.21220939181,4051.00575935819,73.84271246970613,-0.13221518854676828,-1.4764361714459877
2022-05-09,4081.27001953125,4081.27001953125,3975.47998046875,3991.239990234375,3991.239990234375,5954520000,4146.344273158482,4289.686651320684,4192.782467932906,4281.832778449721,-89.05031051681544,28.21055741913389,-0.04406021183958009,4279.756994628906,137.19119683707405,4554.139388303054,4005.3746009547576,90.72618783488785,-0.30037123513573355,-1.0077217965925276
2022-05-10,4035.179931640625,4068.820068359375,3958.169921875,4001.050048828125,4001.050048828125,5885820000,4127.647112165178,4266.485235305059,4163.285172686016,4261.034057737011,-97.74888505099443,28.929556797403322,-0.043716936542669615,4259.1830078125,146.75260857807763,4552.688224968656,3965.677790656345,106.33516631419226,-0.29250237047655153,-1.037103810410148
2022-05-11,3990.080078125,4049.090087890625,3928.820068359375,3935.179931640625,3935.179931640625,5816140000,4096.189976283482,4243.754289899553,4128.192058679033,4236.896715063204,-108.70465638417136,28.9274272729823,-0.08217377687682215,4236.069494628906,159.66506435938697,4555.39962334768,3916.7393659101317,127.2731018954512,-0.28517036419106156,-0.9454917275829797
2022-05-12,3903.949951171875,3964.800048828125,3858.8701171875,3930.080078125,3930.080078125,6286450000,4061.1328473772323,4221.498570033482,4097.713292439951,4214.169556771485,-116.45626433153393,32.406194579466415,-0.04885128476743561,4210.244006347656,165.48768621385543,4541.219378775367,3879.2686339199454,135.33491314082957,-0.19600468426419249,-1.013084368603948
2022-05-13,3963.89990234375,4038.8798828125,3963.89990234375,4023.889892578125,4023.889892578125,5183340000,4021.6642717633927,4201.370000930059,4086.3558463073623,4200.074766831236,-113.71892052387375,36.918914644907694,-0.031643313955059704,4191.809008789062,164.63966716519457,4521.088343119452,3862.529674458673,84.88930808199106,-0.0457435616865485,-1.0525780643773759
2022-05-16,4013.02001953125,4046.4599609375,3983.989990234375,4008.010009765625,4008.010009765625,4415030000,4001.8271135602677,4183.056675502232,4074.302640685556,4185.847747789339,-111.54510710378327,41.064213192339466,-0.04010795680651891,4172.625012207031,162.46252205905193,4497.550056325135,3847.6999680889276,64.54005601580951,0.1342812046274082,-1.020239931571212
2022-05-17,4052.0,4090.719970703125,4033.929931640625,4088.85009765625,4088.85009765625,4841410000,3996.9000069754466,4168.635730561756,4076.5407109887396,4178.66273666837,-102.12202567963004,45.28032611871912,-0.049142203228705994,4153.957019042969,148.2665211888209,4450.490061420611,3857.423976665327,54.20675617617946,0.3034926901161839,-0.7913018482999665
2022-05-18,4051.97998046875,4051.97998046875,3911.909912109375,3923.679931640625,3923.679931640625,5103220000,3987.2485700334823,4142.991443452381,4053.0236680121066,4159.77512148113,-106.75145346902309,32.98665174266695,-0.053821359058683904,4127.168505859375,138.22659357712504,4403.621693013625,3850.715318705125,60.97448440136993,0.2913053482859567,-0.7422832574899507
2022-05-19,3899.0,3945.9599609375,3876.580078125,3900.7900390625,3900.7900390625,5113550000,3972.925711495536,4116.388578869048,4029.603109712167,4140.591041301972,-110.9879315898047,37.6598838497565,-0.05397318996755318,4102.525,132.01048505952014,4366.54597011904,3838.5040298809595,68.50293583968093,0.13397602915486667,-1.0139574152607262
2022-05-20,3927.760009765625,3943.419921875,3810.320068359375,3901.360107421875,3901.360107421875,5130730000,3968.094308035714,4092.9457194010415,4009.873417052122,4122.870231384928,-112.99681433280603,36.09877854856479,-0.02251928799882119,4084.004016113281,132.99548666113037,4349.994989435541,3818.0130427910203,72.67439701133203,0.055775208962791985,-1.2634940710524922
2022-05-23,3919.419921875,3981.8798828125,3909.0400390625,3973.75,3973.75,4420030000,3974.3328683035716,4078.7538248697915,4004.3159682748724,4111.824288319378,-107.50832004450558,39.557945977915,-0.006823221028220083,4067.8855102539064,125.24392475733421,4318.373359768575,3817.397660739238,70.71524543564922,0.22767343273856144,-1.1520652591898937
2022-05-24,3942.93994140625,3955.679931640625,3875.1298828125,3941.47998046875,3941.47998046875,4923190000,3962.5600237165177,4061.8661993117557,3994.6488932277766,4099.2061914415535,-104.5572982137769,29.46893468881028,0.001600955721864139,4056.199499511719,125.60703811857613,4307.413575748871,3804.9854232745665,67.89340925129996,0.34758488427125045,-1.0485966347712037
2022-05-25,3929.590087890625,3999.330078125,3925.030029296875,3978.72998046875,3978.72998046875,4802560000,3958.3771623883927,4052.510474795387,3992.199829726388,4090.2820276657903,-98.08219793940225,38.901347820789915,0.01237885777812453,4045.9380004882814,122.97587613374229,4291.889752755766,3799.986248220797,65.48585354341782,0.5390031718329528,-0.8433247007805251
2022-05-26,3984.60009765625,4075.139892578125,3984.60009765625,4057.840087890625,4057.840087890625,4709970000,3953.9471609933034,4046.5047665550596,4002.2983309824244,4087.878921015778,-85.58059003335347,45.97202108042746,0.008437158127790667,4034.4550048828123,109.18129115358158,4252.817587189976,3816.092422575649,55.47175619386348,0.6770370383526344,-0.5173366482240191
2022-05-27,4077.429931640625,4158.490234375,4077.429931640625,4158.240234375,4158.240234375,4375620000,3987.4557756696427,4040.349539620536,4026.289393042821,4093.0908701534977,-66.80147711067684,60.68650949506804,0.03748249735987064,4035.7705078125,110.56726829850858,4256.905044409517,3814.6359712154826,92.5765073400989,0.5662507747102281,-0.522115806936732
2022-05-31,4151.08984375,4168.33984375,4104.8798828125,4132.14990234375,4132.14990234375,6822640000,4020.5071847098216,4040.3600027901784,4042.5756252429637,4095.98413179722,-53.40850655425629,58.21797997327934,0.010589726610990224,4034.6090087890625,109.36007620015832,4253.329161189379,3815.888856388746,97.63975384313139,0.5660304019907183,-0.5229202647365221
2022-06-01,4149.77978515625,4166.5400390625,4073.85009765625,4101.22998046875,4101.22998046875,4531800000,4049.0600237165177,4037.7814360119046,4051.599372200777,4096.372713180296,-44.77334097951916,60.885812612696824,0.045250900155325624,4030.8965087890624,105.51901029626221,4241.934529381587,3819.858488196538,85.45410133005632,0.6222072404665864,-0.31746863682649984
2022-06-02,4095.409912109375,4177.509765625,4074.3701171875,4176.81982421875,4176.81982421875,4405790000,4078.069998604911,4037.845238095238,4070.8640571266187,4102.331758442404,-31.467701315785234,64.80710614978261,0.07076253333096338,4024.72900390625,91.64452199024915,4208.018047886749,3841.4399599257517,89.97623487693515,0.6220531657330579,-0.32200599498852966
2022-06-03,4137.56982421875,4142.669921875,4098.669921875,4108.5400390625,4108.5400390625,3711110000,4101.93572126116,4028.7200055803573,4076.6603620398314,4102.79163108093,-26.13126904109822,55.240520716355284,0.05310453942626059,4022.8125,89.32731889591868,4201.467137791838,3844.1578622081624,66.90654968124245,0.13663215341416662,-1.378937463022548
2022-06-06,4134.72021484375,4168.77978515625,4109.18017578125,4121.43017578125,4121.43017578125,4332700000,4122.32146344866,4027.5085797991073,4083.5480256923574,4104.172264021694,-20.62423832933655,57.04770397304035,0.0371639322507078,4022.7170166015626,89.21515829280872,4201.14733318718,3844.286700015945,39.05177789929221,0.1245454356526984,-1.3608154488578452
2022-06-07,4096.47021484375,4164.85986328125,4080.18994140625,4160.68017578125,4160.68017578125,4248210000,4137.012904575893,4029.286690848214,4095.4145103214178,4108.3580352631425,-12.943524941724718,54.70664871561229,0.05561367719706922,4031.1890258789062,93.98630252749803,4219.161630933902,3843.21642082391,28.73128974877137,0.15331972454873377,-1.3669071875608958
2022-06-08,4147.1201171875,4160.14013671875,4107.2001953125,4115.77001953125,4115.77001953125,4159470000,4130.945731026785,4035.2166922433034,4098.546127122931,4108.907071134854,-10.360944011923493,64.94142883783255,0.034443161444787096,4036.9250244140626,95.5379861511861,4228.000996716435,3845.8490521116905,27.97590789191711,-0.004877877367232061,-1.4514479864523608
2022-06-09,4101.64990234375,4119.10009765625,4017.169921875,4017.820068359375,4017.820068359375,4134170000,4114.612897600447,4036.0152646019346,4086.126733466999,4102.159885744078,-16.033152277078443,58.15119522975979,-0.00986239444247139,4041.05703125,92.64933748483298,4226.355706219666,3855.758356280334,51.030291536032465,-0.029061902700499465,-1.436083832564469
2022-06-10,3974.389892578125,3974.389892578125,3900.159912109375,3900.860107421875,3900.860107421875,4889640000,4085.9886300223216,4034.3809872581846,4057.624175613903,4087.2487910535438,-29.62461543964082,49.97003333206521,-0.06189640627913606,4039.5960327148437,94.69916299934602,4228.994358713536,3850.1977067161515,96.09045729848943,-0.05979069447257372,-1.4311402204788788
2022-06-13,3838.14990234375,3838.14990234375,3734.300048828125,3749.6298828125,3749.6298828125,5636890000,4024.961495535714,4025.7881208147323,4010.2404382598406,4062.2399830356885,-51.99954477584788,37.727523087864896,-0.09257167057620175,4025.8830322265626,114.81414170785618,4255.511315642275,3796.2547488108503,149.56435564826475,-0.6030379923095112,-0.23912511594231134
2022-06-14,3763.52001953125,3778.179931640625,3705.679931640625,3735.47998046875,3735.47998046875,5153890000,3971.6672014508927,4012.0543154761904,3967.969598599673,4038.0355384011004,-70.06593980142725,38.49136896318443,-0.08918056332900326,4012.2565307617188,131.94183572617337,4276.1402022140655,3748.372859309372,178.4886462478284,-0.6570946037473169,-0.41341911188436864
2022-06-15,3764.050048828125,3837.56005859375,3722.300048828125,3789.989990234375,3789.989990234375,5530480000,3924.318603515625,4001.672409784226,3940.5881203896274,4019.6617940924543,-79.07367370282691,39.65514057535093,-0.09261348352672338,3997.313525390625,139.51688911892313,4276.347303628471,3718.2797471527783,176.08407724076085,-0.5217157428162816,-0.8570823580470686
2022-06-16,3728.179931640625,3728.179931640625,3639.77001953125,3666.77001953125,3666.77001953125,5644930000,3853.760009765625,3981.5733584449404,3898.462258719108,3993.5216626434762,-95.05940392436833,29.55403729847589,-0.10752481789907409,3984.4680297851564,157.34160834734925,4299.151246479855,3669.784813090458,164.1384008243336,-0.5045663373443913,-0.8447287430393176
2022-06-17,3665.89990234375,3707.7099609375,3636.8701171875,3674.840087890625,3674.840087890625,8520740000,3790.77001953125,3969.7238420758927,3864.0588478224186,3969.915620069191,-105.85677224677238,22.02611056654837,-0.1083580380701149,3973.1705322265625,171.17028146479683,4315.511095156156,3630.829969296969,127.30371092346084,-0.48533948099048374,-1.049477306269865
2022-06-21,3715.31005859375,3779.64990234375,3715.31005859375,3764.7900390625,3764.7900390625,5292260000,3754.622872488839,3963.2476515997023,3848.786723397816,3954.7211325872136,-105.93440918939768,30.20434163483833,-0.09515034080801799,3966.3420288085936,176.8167596724305,4319.975548153455,3612.7085094637328,78.75524313388894,-0.4086012132373092,-1.2487993667427189
2022-06-22,3733.889892578125,3801.7900390625,3717.68994140625,3759.889892578125,3759.889892578125,5058990000,3734.4842703683034,3956.5109747023807,3835.1102878870943,3940.2891888828367,-105.17890099574242,31.07577410944556,-0.08646744722477395,3955.6490234375,182.71346027674488,4321.07594399099,3590.2221028840104,46.57932209082377,-0.3315608198965942,-1.4168169156006032
2022-06-23,3774.7099609375,3802.580078125,3743.52001953125,3795.72998046875,3795.72998046875,5098640000,3741.069998604911,3948.0338309151784,3829.0517790535027,3929.5810993706823,-100.52932031717955,27.897850138366408,-0.055276265266232416,3948.3615234375,186.18202018456682,4320.7255638066335,3575.9974830683664,52.018977615861864,-0.20553826481721363,-1.5510578739592347
2022-06-24,3821.75,3913.64990234375,3821.75,3911.739990234375,3911.739990234375,8120260000,3766.25,3946.6176409040177,3841.7730423120984,3928.2595357309556,-86.48649341885721,39.184915798317384,0.0027890984328813317,3945.0120239257812,186.20951113876677,4317.4310462033145,3572.5930016482475,82.55767139949212,-0.18140143722414034,-1.5625601551624688
2022-06-27,3920.760009765625,3927.719970703125,3889.659912109375,3900.110107421875,3900.110107421875,4325310000,3781.9814453125,3942.8738374255954,3850.7479754059104,3926.174392893246,-75.42641748733558,37.82055571006128,0.04013202084268208,3937.125524902344,184.5118355186789,4306.149195939702,3568.101853864986,97.05428658124411,-0.11886925335627233,-1.5787362184863918
2022-06-28,3913.0,3945.860107421875,3820.139892578125,3821.550048828125,3821.550048828125,4270120000,3804.0928780691966,3931.6219308035716,3846.2559867016357,3918.424441481015,-72.16845477937932,32.11132142486437,0.023041234007249223,3920.291015625,178.53876084472037,4277.368537314441,3563.213493935559,83.05299593885466,0.043266727994705,-1.5849360305190234
2022-06-29,3825.090087890625,3836.5,3799.02001953125,3818.830078125,3818.830078125,4211240000,3824.6628766741073,3915.459542410714,3842.0366161513844,3911.0470812324215,-69.01046508103718,33.60716145678899,0.007609541968431888,3904.6250244140624,172.61874047489545,4249.862505363853,3559.3875434642714,60.46462906087218,0.2079942546167723,-1.4870429791731339
2022-06-30,3785.989990234375,3818.989990234375,3738.669921875,3785.3798828125,3785.3798828125,4840070000,3827.6042829241073,3898.9466843377977,3833.3201956377097,3901.738399867983,-68.4182042302732,36.184019013471556,0.03234723275511375,3888.83251953125,168.07347900319124,4224.979477537632,3552.6855615248674,57.49443745961519,0.3981855270310677,-1.315575306480081
2022-07-01,3781.0,3829.820068359375,3752.10009765625,3825.330078125,3825.330078125,4046950000,3836.952880859375,3885.80859375,3832.090946789601,3896.0785241833173,-63.98757739371649,45.05816860349027,0.04095143914704513,3871.2580322265626,154.17758265328848,4179.613197533139,3562.9028669199856,49.39942880378069,0.588361577287325,-1.0287049690552874
2022-07-05,3792.610107421875,3832.18994140625,3742.06005859375,3831.389892578125,3831.389892578125,5076590000,3842.0471540178573,3869.359549386161,3831.983092295528,3891.286773694044,-59.30368139851589,56.60398492293651,0.01769019064133781,3857.400524902344,143.8365154701948,4145.073555842733,3569.727493961954,46.17318735974392,0.7312420508373153,-0.6752860140804011
2022-07-06,3831.97998046875,3870.909912109375,3809.3701171875,3845.080078125,3845.080078125,4417720000,3832.5243094308034,3856.8138369605654,3833.99801319237,3887.8640555037446,-53.86604231137471,58.85928614506336,0.02265762774464153,3843.5830200195314,129.71864056921353,4103.020301157959,3584.1457388811045,34.90247033110312,0.9258713391019572,-0.06816220705650311
2022-07-07,3858.85009765625,3910.6298828125,3858.85009765625,3902.6201171875,3902.6201171875,4057770000,3832.882882254464,3846.394310360863,3844.555259960852,3888.9570971099483,-44.40183714909654,59.05983224896751,0.028160627143859696,3830.6800170898437,107.4382592515718,4045.556535592987,3615.8034985867002,35.71595526970624,1.036089793961632,0.664581732399153
2022-07-08,3888.260009765625,3918.5,3869.340087890625,3899.3798828125,3899.3798828125,3521620000,3844.0014299665177,3833.951439267113,3852.989817322644,3889.7291553101372,-36.7393379874934,73.18628753654,-0.0031597466735344693,3819.8605102539063,85.9677843466482,3991.7960789472027,3647.92494156061,42.976427670944645,0.822756136757136,0.8562303749301359
2022-07-11,3880.93994140625,3880.93994140625,3847.219970703125,3854.429931640625,3854.429931640625,3423480000,3849.0871233258927,3821.5066731770835,3853.211373371564,3887.114398001285,-33.903024629720676,66.6752959887707,-0.011712534908776329,3811.6910034179687,72.9422916726918,3957.5755867633525,3665.806420072585,41.58514712240778,0.16878182716534823,-0.006631349133148223
2022-07-12,3851.949951171875,3873.409912109375,3802.360107421875,3818.800048828125,3818.800048828125,3817210000,3853.8614327566966,3812.0295293898807,3847.917323441804,3882.05407584031,-34.136752398505905,55.577579856017884,-0.0007196032931305885,3807.588000488281,69.90734361386058,3947.402687716002,3667.77331326056,34.339197576453806,-0.3862026192894274,-0.508502821150814
2022-07-13,3779.669921875,3829.43994140625,3759.070068359375,3801.780029296875,3801.780029296875,4109390000,3850.497140066964,3807.3114304315477,3840.819278188738,3876.107850170426,-35.288571981688165,54.22032402501763,-0.004464730946210693,3810.1955078125,68.59196836814064,3947.3794445487815,3673.011571076219,38.50170574852968,-0.33926304642218685,-0.3240942668820872
2022-07-14,3763.989990234375,3796.409912109375,3721.56005859375,3790.3798828125,3790.3798828125,4199690000,3844.6385672433034,3809.251906622024,3833.0593712077784,3869.7576303661353,-36.698259158356905,49.433072903192425,0.0013208713933052785,3812.9405029296877,66.51151596833758,3945.963534866363,3679.9174709930126,44.54029197959778,-0.4142933851138923,-0.11961334679682123
2022-07-15,3818.0,3863.6201171875,3817.179931640625,3863.159912109375,3863.159912109375,4143800000,3847.2214006696427,3815.3319033668154,3837.690223654178,3869.268910495264,-31.578686841085982,44.33297448779071,0.009889299279218555,3816.5989990234375,67.19156609189214,3950.9821312072218,3682.2158668396532,45.090970533649546,-0.6228390779258459,0.22797491716009333
2022-07-18,3883.7900390625,3902.43994140625,3818.6298828125,3830.85009765625,3830.85009765625,4046870000,3836.9685407366073,3817.2776227678573,3836.637896577574,3866.4230725071893,-29.785175929615434,42.292463056997775,-0.00014088749435825498,3824.8030029296874,57.21045250395411,3939.2239079375954,3710.3820979217794,37.996332180189974,-0.7156909391414942,0.3446870082654603
2022-07-19,3860.72998046875,3939.81005859375,3860.72998046875,3936.68994140625,3936.68994140625,4041070000,3842.2985491071427,3830.1309523809523,3852.0305188589086,3871.6280257589715,-19.597506900062854,62.0797992698019,0.023825215969474067,3837.8954956054686,50.67399699823855,3939.243489601946,3736.5475016089913,49.18103760948852,-0.39229201856074963,0.3730074866973716
2022-07-20,3935.320068359375,3974.1298828125,3922.030029296875,3959.89990234375,3959.89990234375,4185300000,3857.3656877790177,3843.7052292596727,3868.625808625807,3878.16668328377,-9.540874657962831,64.19012770137525,0.014677263847430178,3847.650988769531,54.49601627810867,3956.6430213257486,3738.6589562133136,66.59132066653603,0.4601253428664981,-0.7342907808464423
2022-07-21,3955.469970703125,3999.2900390625,3927.639892578125,3998.949951171875,3998.949951171875,4132790000,3883.101388113839,3854.8557012648807,3888.6756767098177,3887.1135920162224,1.5620846935953523,71.24355917640996,0.02553484691200647,3859.6039916992186,60.15697905526604,3979.9179498097506,3739.2900335886866,82.18772734764183,0.6646656885963823,-0.35905289337803614
2022-07-22,3998.429931640625,4012.43994140625,3938.860107421875,3961.6298828125,3961.6298828125,3979240000,3905.937081473214,3864.4623674665177,3899.899400725615,3892.633317260391,7.266083465224256,63.628889092865606,0.027812141632639786,3867.8989868164062,62.2861117910783,3992.471210398563,3743.3267632342495,77.92326781391871,0.6149782474228741,-0.7582525861071723
2022-07-25,3965.719970703125,3975.300048828125,3943.4599609375,3966.840087890625,3966.840087890625,3568340000,3931.145682198661,3872.6104678199404,3910.1979679817705,3898.1301150848526,12.067852896917884,63.56698639007299,0.038766114268781626,3870.6539916992188,65.46479229807063,4001.58357629536,3739.7244071030773,61.01858893733506,0.4439370677144511,-1.0521421627424452
2022-07-26,3953.219970703125,3953.219970703125,3910.739990234375,3921.050048828125,3921.050048828125,3778950000,3939.415701729911,3873.0538039434523,3911.86751888121,3899.8278879547242,12.039630926485643,57.14957275758043,0.03137215162690743,3871.7009887695312,66.12480916113323,4003.950607091798,3739.4513704472647,53.75982622214149,0.42660621535641174,-1.0924728927030114
2022-07-27,3951.429931640625,4039.56005859375,3951.429931640625,4023.610107421875,4023.610107421875,4112180000,3966.9528459821427,3878.9347563244046,3929.0586863490043,3908.996941248587,20.061745100417284,60.496948402650716,0.06153215029104575,3881.803991699219,73.12468354735238,4028.0533587939235,3735.554624604514,34.963935847231085,0.5107792910757678,-1.0197044971023166
2022-07-28,4026.1298828125,4078.949951171875,3992.969970703125,4072.429931640625,4072.429931640625,4413000000,3986.3442731584823,3890.881417410714,3951.115801009254,3921.103088685034,30.012712324220047,63.91323857272576,0.05417068521426649,3894.483984375,82.95657025996725,4060.3971248949347,3728.5708438550655,49.85352031980976,0.5753700201267317,-0.7213398756577774
2022-07-29,4087.330078125,4140.14990234375,4079.219970703125,4130.2900390625,4130.2900390625,4616360000,4010.685721261161,3905.712844122024,3978.681068402061,3936.5984183426244,42.08265005943667,71.72811012941222,0.07816540291917184,3911.7294921875,94.1741662229428,4100.077824633386,3723.3811597416143,71.63073948315963,0.7079750653717231,-0.320640884840798
2022-08-01,4112.3798828125,4144.9501953125,4096.02001953125,4118.6298828125,4118.6298828125,4202810000,4027.7828543526784,3921.5818917410716,4000.2116552344364,3950.0822305255783,50.129424708858096,74.54280862091775,0.04621647732339773,3926.394482421875,102.4819296551166,4131.358341732109,3721.430623111642,81.9082891890022,0.6468049744187025,-0.613928244611496
2022-08-02,4104.2099609375,4140.47021484375,4079.81005859375,4091.18994140625,4091.18994140625,4727710000,4046.291434151786,3934.2418852306546,4014.2083146454843,3960.5346535537765,53.6736610917078,73.2925391047303,0.03315488833058455,3939.384484863281,106.20368715792367,4151.791859179129,3726.9771105474338,79.05702307931429,0.4573022534806733,-0.950114086476054
2022-08-03,4107.9599609375,4167.66015625,4107.9599609375,4155.169921875,4155.169921875,4351760000,4073.1956961495534,3949.659981863839,4035.8947157577177,3974.95208083683,60.942634920887485,77.0683998017397,0.03906524778019427,3954.8889770507812,114.05619305021645,4183.001363151214,3726.7765909503482,79.55628076991671,0.36614812158954396,-1.050070892940476
2022-08-04,4154.85009765625,4161.2900390625,4135.419921875,4151.93994140625,4151.93994140625,4283320000,4106.179966517857,3964.2723563058034,4053.747827395953,3988.0622927308614,65.68553466509184,73.89455345999869,0.04803832367566918,3967.3549682617186,121.42932065796538,4210.21360957765,3724.4963269457876,47.279019976686996,0.22416285871898334,-1.187527428332278
2022-08-05,4115.8701171875,4151.580078125,4107.31005859375,4145.18994140625,4145.18994140625,4085940000,4123.54851422991,3975.8233003162204,4067.815844935999,3999.7013778179276,68.11446711807139,77.15818764295881,0.04496018230229759,3979.645471191406,126.52024064818902,4232.685952487785,3726.604989895028,31.63375239101794,0.07373384022260528,-1.3316796898700478
2022-08-08,4155.93017578125,4186.6201171875,4128.97021484375,4140.06005859375,4140.06005859375,4221090000,4133.2099609375,3987.2842610677085,4078.930339344884,4010.0983171346547,68.8320222102293,71.27256847793333,0.055854938610406135,3993.9269775390626,127.75691033223663,4249.440798203535,3738.4131568745893,22.398967557954386,-0.08935778792460686,-1.395848778661016
2022-08-09,4133.10986328125,4137.2998046875,4112.08984375,4122.47021484375,4122.47021484375,3913090000,4132.092843191965,4000.0480840773807,4085.628781729325,4018.4221614094026,67.20662031992242,67.20720860401775,0.024570001760239935,4009.110485839844,123.83305375123899,4256.776593342322,3761.444378337366,22.760942511145846,-0.28034818503871967,-1.3119597404862748
2022-08-10,4181.02001953125,4211.02978515625,4177.259765625,4210.240234375,4210.240234375,4546010000,4145.180036272322,4018.6880929129466,4104.7997744440445,4032.6309075550025,72.16886688904196,70.27309393867415,0.0338398216906477,4029.53349609375,121.50008650736827,4272.533669108487,3786.5333230790134,36.136786684881926,-0.35606613434222045,-1.1059468219322668
2022-08-11,4227.39990234375,4257.91015625,4201.41015625,4207.27001953125,4207.27001953125,4630200000,4161.762904575893,4037.997140066964,4120.564427534384,4045.5671380717613,74.99728946262258,75.23214814146064,0.018637911560860587,4050.3780029296877,113.83022933949567,4278.038461608679,3822.7175442506964,33.78978923847636,-0.42235340648662106,-0.9532714791636128
2022-08-12,4225.02001953125,4280.47021484375,4219.77978515625,4280.14990234375,4280.14990234375,3788010000,4179.6171875,4061.3195219494046,4145.116039043517,4062.9436391289455,82.17239991457154,78.25513167425896,0.03921692993227932,4071.227502441406,115.90367614857453,4303.034854738556,3839.420150144257,55.664298895459474,-0.21516373050337048,-0.89439718574137
2022-08-15,4269.3701171875,4301.7900390625,4256.89990234375,4297.14013671875,4297.14013671875,3696830000,4200.360072544643,4081.9852469308034,4168.504361762783,4080.291527839301,88.21283392348232,85.77516475993053,0.050339925122544926,4094.5420043945314,111.83245982007229,4318.206924034676,3870.877084754387,69.07101141946939,-0.1561421206748368,-0.713317516993297
2022-08-16,4290.4599609375,4325.27978515625,4277.77001953125,4305.2001953125,4305.2001953125,4329820000,4223.218680245535,4104.573346819197,4189.534490001201,4096.951429133612,92.58306086758967,82.6572037403966,0.03610689243962373,4112.967517089844,114.77508705661654,4342.5176912030765,3883.4173429766106,74.06632620050752,0.06329903501100638,-0.9865873288101503
2022-08-17,4280.39990234375,4302.18017578125,4253.080078125,4274.0400390625,4274.0400390625,3885030000,4242.358677455357,4120.63763718378,4202.53534370294,4110.0691039431595,92.46623975978036,74.38023116779593,0.029407963356737454,4128.674523925782,114.21898472115838,4357.1124933680985,3900.2365544834647,65.85084378815786,-0.05389915806819067,-0.9943404398916904
2022-08-18,4273.1298828125,4292.52978515625,4261.97998046875,4283.740234375,4283.740234375,3340330000,4265.397251674107,4136.058605375744,4215.028403806334,4122.933632123296,92.09477168303783,71.0027053181422,0.03342435326901971,4142.914038085937,114.94510988762873,4372.804257861195,3913.02381831068,40.08690608574409,-0.188902157568918,-0.9280959208411894
2022-08-19,4266.31005859375,4266.31005859375,4218.7001953125,4228.47998046875,4228.47998046875,3761340000,4268.0029296875,4146.988606770833,4217.097877139013,4130.751880148885,86.34599699012779,63.432041831801094,0.021357159225616096,4156.25654296875,108.07704957848057,4372.410642125711,3940.1024438117893,36.31992494419823,-0.38214641155025136,-0.7141666693313748
2022-08-22,4195.080078125,4195.080078125,4129.85986328125,4137.990234375,4137.990234375,3907430000,4258.105817522322,4155.38671875,4204.927470559934,4131.288054536005,73.63941602392879,54.95807361042858,0.003764737820389108,4164.814050292969,98.65483961490081,4362.123729522771,3967.5043710631676,58.37231999503398,-0.4449263783287224,-0.3160648094633429
2022-08-23,4133.08984375,4159.77001953125,4124.02978515625,4128.72998046875,4128.72998046875,3823520000,4236.474400111607,4163.09576125372,4193.2047797766745,4131.0985675680595,62.106212208615034,46.83157228303037,-0.019360000705126,4175.198046875,80.99622934498649,4337.190505564973,4013.205588185027,74.63321920447278,-0.44523282921560403,0.16540729342613192
2022-08-24,4126.5498046875,4156.56005859375,4119.97021484375,4140.77001953125,4140.77001953125,3583630000,4214.135811941965,4173.5586170014885,4185.137893585071,4131.814971417185,53.322922167885736,48.6891325674573,-0.015805973871724333,4181.056042480469,73.32962983494485,4327.715302150358,4034.396782810579,76.81863236137103,0.2458830615225609,-0.8643816420939312
2022-08-25,4153.259765625,4200.5400390625,4147.58984375,4199.1201171875,4199.1201171875,3566870000,4198.981515066965,4181.9162365141365,4187.289004908522,4136.800537770542,50.48846713797957,55.64535502423256,-0.01893152973728307,4187.390551757812,68.7832661358569,4324.957084029526,4049.8240194860987,65.48765003304354,0.44699846299863694,-1.093038831569623
2022-08-26,4198.740234375,4203.0400390625,4057.659912109375,4057.659912109375,4057.659912109375,3832750000,4168.070068359375,4181.212902250744,4167.346067554807,4130.938269203049,36.407798351758174,43.28968490182582,-0.05573014074245186,4183.759045410156,73.69832885789069,4331.155703125938,4036.3623876943752,74.58907931272778,0.3745356115818532,-1.0234764968822443
2022-08-29,4034.580078125,4062.989990234375,4017.419921875,4030.610107421875,4030.610107421875,3396510000,4131.908621651785,4176.466238839285,4146.309765995894,4123.5065535155545,22.803212480339425,42.63281661487734,-0.06378102653381801,4179.358056640625,80.13897310486595,4339.636002850357,4019.0801104308935,70.40748832720982,0.1363579301620015,-0.9054691209684727
2022-08-30,4041.25,4044.97998046875,3965.2099609375,3986.159912109375,3986.159912109375,3835860000,4097.291469029018,4170.15814499628,4121.67132693643,4113.332728226208,8.338598710221959,30.686771229584338,-0.06735550540520219,4174.106555175781,89.15485828170203,4352.4162717391855,3995.796838612377,74.46645181427132,-0.17496300399107997,-0.6534694617842636
2022-08-31,4000.669921875,4015.3701171875,3954.530029296875,3955.0,3955.0,4542490000,4071.1500069754466,4163.67290969122,4096.029584330825,4101.60437798723,-5.574793656404836,29.264717804564228,-0.07674140269688023,4164.098059082031,101.73983148683831,4367.577722055707,3960.6183961083543,88.57986515428009,-0.42127030653156605,-0.4931951021445995
2022-09-01,3936.72998046875,3970.22998046875,3903.64990234375,3966.85009765625,3966.85009765625,4152250000,4048.0243094308034,4154.7052990141365,4076.155817150121,4091.6225794441943,-15.466762294073305,21.37670944441271,-0.06187326983241315,4154.843566894531,110.90890023055519,4376.661367355641,3933.025766433421,92.10301080178354,-0.37894234776919855,-0.818996299842988
2022-09-02,3994.659912109375,4018.429931640625,3906.2099609375,3924.260009765625,3924.260009765625,3665850000,4017.094308035714,4143.863397507441,4052.78723139866,4079.225352060597,-26.438120661936864,17.45571422544269,-0.05165073199880488,4143.7970703125,122.33473953720696,4388.466549386914,3899.127591238086,92.12036312889241,-0.3719110643973474,-0.9848289190848054
2022-09-06,3930.889892578125,3942.550048828125,3886.75,3908.18994140625,3908.18994140625,4127340000,3975.5328543526784,4132.577683221726,4030.541494476751,4066.556062382497,-36.01456790574639,15.827480845448079,-0.05341595117766973,4132.203564453125,133.2110608312045,4398.625686115534,3865.781442790716,54.08674000446728,-0.3264113701835289,-1.1613781512453611
2022-09-07,3909.429931640625,3987.889892578125,3906.030029296875,3979.8701171875,3979.8701171875,3890320000,3964.4200265066966,4124.949590773809,4022.745897970712,4060.134881256942,-37.388983286230086,26.330491494126434,-0.03885748341125317,4125.073559570313,137.5064686509721,4400.086496872257,3850.0606222683687,40.74666918872059,-0.19747063936214385,-1.3580736683011283
2022-09-08,3959.93994140625,4010.5,3944.81005859375,4006.179931640625,4006.179931640625,3966850000,3960.930001395089,4119.411958240327,4020.1972877660833,4056.1382183224,-35.940930556316744,28.24833268473631,-0.045947765284719444,4114.870544433594,138.4220950198016,4391.714734473197,3838.0263543939905,34.7353020190539,-0.09584290547387182,-1.4707148305812008
2022-09-09,4022.93994140625,4076.81005859375,4022.93994140625,4067.360107421875,4067.360107421875,3901940000,3972.530029296875,4112.608142671131,4027.4531061746666,4056.9694693668052,-29.51636319213867,37.4895406055776,0.0023905885467512267,4107.875048828125,137.03508787228802,4381.945224572701,3833.804873083549,53.210496741865214,0.03788366416071932,-1.433473219960538
2022-09-12,4083.669921875,4119.27978515625,4083.669921875,4110.41015625,4110.41015625,3814200000,3994.7314801897323,4107.995768229167,4040.2157292631796,4060.9280387655604,-20.712309502380776,47.688178292352696,0.01979850362633262,4099.3880615234375,130.924026463072,4361.236114449582,3837.5400085972933,73.30465914060521,0.1273518790655987,-1.3525538168750584
2022-09-13,4037.1201171875,4037.1201171875,3921.280029296875,3932.68994140625,3932.68994140625,4224550000,3989.8514578683034,4091.4500558035716,4023.6733003621134,4051.4289204426486,-27.75562008053521,37.18627125568095,-0.013413905082104494,4081.1655517578124,127.2631124800623,4335.691776717937,3826.6393267976878,76.53595781065066,0.28525363111289675,-1.2499568274077522
2022-09-14,3940.72998046875,3961.93994140625,3912.179931640625,3946.010009765625,3946.010009765625,4293240000,3992.9586007254466,4074.7295735677085,4011.7251018088073,4043.6201122443504,-31.8950104355431,37.291203537460134,-0.002273069591498089,4063.2060424804686,119.06360876549924,4301.333260011467,3825.07882494947,73.82272818307483,0.4359487756030765,-1.0879767516894776
2022-09-15,3932.409912109375,3959.139892578125,3888.280029296875,3901.35009765625,3901.35009765625,4441830000,3991.9814801897323,4055.4986165364585,3994.744331939183,4033.081592645232,-38.33726070604871,30.215951737060934,-0.01651184148317064,4044.5715454101564,113.35742235395664,4271.28639011807,3817.856700702243,75.16479678941981,0.4968555762027816,-0.9676659495855633
2022-09-16,3880.949951171875,3880.949951171875,3837.080078125,3873.330078125,3873.330078125,7954650000,3976.761474609375,4036.417189825149,3976.06521596777,4021.248147125215,-45.18293115744473,35.57919120542961,-0.012978225579825087,4024.0510375976564,104.59152435498447,4233.234086307625,3814.8679888876877,87.75763040657331,0.5343366155291743,-0.7679315014193855
2022-09-19,3849.909912109375,3900.449951171875,3838.5,3899.889892578125,3899.889892578125,3766850000,3961.5771833147323,4018.138602120536,3964.3459354462866,4012.2586467883934,-47.91271134210683,39.76542459448197,-0.00212375778878815,4007.621533203125,96.26568971977532,4200.152912642676,3815.0901537635746,90.95627682436539,0.4891617176693926,-0.945484592798477
2022-09-20,3875.22998046875,3876.010009765625,3827.5400390625,3855.929931640625,3855.929931640625,4058050000,3931.372872488839,4000.398123604911,3947.6665502454152,4000.6787419626326,-53.01219171721732,39.79597380347711,-0.031141766413839922,3993.518518066406,96.82078407462598,4187.160086215658,3799.876949917154,84.87586795713986,0.43099824652448815,-0.9688000519321971
2022-09-21,3871.39990234375,3907.070068359375,3789.489990234375,3789.929931640625,3789.929931640625,4078330000,3885.5899832589284,3983.8238234747023,3923.3993781523704,3985.067718975817,-61.66834082344667,37.735712158265216,-0.053979103208038004,3976.578515625,101.4468799684301,4179.47227556186,3773.68475568814,52.444770448562814,0.3283522276360842,-0.552722029672422
2022-09-22,3782.360107421875,3790.89990234375,3749.449951171875,3757.989990234375,3757.989990234375,4284600000,3860.6328473772323,3966.1695382254466,3897.9517800111403,3968.2471464764512,-70.29536646531096,34.93203934795818,-0.07606164908363533,3957.4395141601562,104.88941183513191,4167.21833783042,3747.6606904898927,66.08840723717273,0.21660839259819753,-0.24599545637429143
2022-09-23,3727.139892578125,3727.139892578125,3647.469970703125,3693.22998046875,3693.22998046875,5144270000,3824.521414620536,3944.858107793899,3866.4561185430803,3947.875504549955,-81.4193860068749,33.84925431366854,-0.10149356388362252,3932.1450073242186,104.53780677962305,4141.220620883465,3723.0693937649726,79.38542728189292,-0.07109459508622175,0.12432189312381858
2022-09-26,3682.719970703125,3715.669921875,3644.760009765625,3655.0400390625,3655.0400390625,4886140000,3789.3342633928573,3918.949532645089,3833.9305678537603,3926.1839885879212,-92.25342073416095,32.83380560005246,-0.07060050664570516,3912.014013671875,117.10610166202841,4146.226216995932,3677.8018103478184,93.06504645656555,-0.6418326842575219,-0.10438110775329479
2022-09-27,3686.43994140625,3717.530029296875,3623.2900390625,3647.2900390625,3647.2900390625,4577740000,3757.0428292410716,3899.4081101190477,3805.2166403474125,3905.525177511964,-100.30853716455158,25.306635033977102,-0.07570177722911242,3892.848010253906,127.57453495752436,4147.997080168955,3637.6989403388575,98.139972291126,-0.592458474115397,-0.392790867752808
2022-09-28,3651.93994140625,3736.739990234375,3640.610107421875,3719.0400390625,3719.0400390625,4684850000,3731.2071358816966,3884.5714401971727,3791.958701688195,3891.7114635527446,-99.75276186454948,30.028110503452083,-0.0467299919336317,3879.4920166015627,131.22187436309272,4141.935765327748,3617.0482678753774,75.4489586471497,-0.40162939612881066,-0.6852349719490434
2022-09-29,3687.010009765625,3687.010009765625,3610.39990234375,3640.469970703125,3640.469970703125,4681810000,3700.4271414620534,3868.1100144159227,3768.6527430751075,3873.100982600921,-104.44823952581328,21.009158796689306,-0.060118839015805725,3863.765515136719,140.23439998013924,4144.234315096997,3583.2967151764406,58.02423794277999,-0.2698182040298488,-0.9085085356270599
2022-09-30,3633.47998046875,3671.43994140625,3584.1298828125,3585.6201171875,3585.6201171875,5645360000,3671.2400251116073,3850.5204961867557,3740.493877553937,3851.806103681408,-111.3122261274707,14.92278750866511,-0.08058426879915548,3844.7040161132813,150.98268777799743,4146.669391669277,3542.7386405572865,56.87348852216966,-0.20459998231961235,-1.0018435484195938
2022-10-03,3609.780029296875,3698.35009765625,3604.929931640625,3678.429931640625,3678.429931640625,4806680000,3659.8743024553573,3836.786202566964,3730.9455781826587,3838.9634242709794,-108.01784608832077,30.829067906527413,-0.04603299415362483,3832.4125122070313,154.13868701173968,4140.689886230511,3524.135138183552,42.874706853596074,-0.01535473704253266,-1.0943592020312947
2022-10-04,3726.4599609375,3791.919921875,3726.4599609375,3790.929931640625,3790.929931640625,5146580000,3673.8314383370534,3830.4371512276784,3740.173940253115,3835.405387779842,-95.23144752672715,39.82840452719971,0.0002638571208537499,3826.54951171875,153.3326366983082,4133.214785115367,3519.8842383221336,65.48385057651441,0.10257000394395206,-1.0391961401547034
2022-10-05,3753.25,3806.909912109375,3722.659912109375,3783.280029296875,3783.280029296875,4293180000,3692.151436941964,3824.489060174851,3746.805646259847,3831.544250114437,-84.73860385459011,41.86070934848312,0.006729671746923183,3816.720007324219,149.23307608802003,4115.186159500259,3518.253855148179,76.38207583389725,0.21754012576661083,-0.9769043719053174
2022-10-06,3771.969970703125,3797.929931640625,3739.219970703125,3744.52001953125,3744.52001953125,4252100000,3706.041434151786,3813.281912667411,3746.4540113785242,3825.0980108119784,-78.64399943345416,41.24990298050521,0.013887583316972263,3803.63701171875,143.09257011316595,4089.8221519450817,3517.451871492418,75.70196861978033,0.3994843064647796,-0.7533241636155847
2022-10-07,3706.739990234375,3706.739990234375,3620.72998046875,3639.659912109375,3639.659912109375,4449660000,3694.701416015625,3795.8285784040177,3730.0241499525014,3811.361855352526,-81.33770540002479,34.02221985048459,-0.004207922974510003,3782.252001953125,133.22447103050132,4048.7009440141273,3515.8030598921223,79.29070876338942,0.5806175570370441,-0.4675294770788847
2022-10-10,3647.510009765625,3652.169921875,3588.10009765625,3612.389892578125,3612.389892578125,3834320000,3690.6899762834823,3774.163330078125,3711.9265718949055,3796.623191443311,-84.69661954840558,34.73408843130569,-0.009568788363577996,3757.3509887695313,113.78432663415744,3984.919642037846,3529.7823355012165,83.10996196410596,0.6565338266662606,-0.137182586023064
2022-10-11,3595.860107421875,3640.659912109375,3568.449951171875,3588.840087890625,3588.840087890625,4759030000,3691.149972098214,3749.32666015625,3692.9901897404006,3781.2318504394084,-88.24166069900775,36.68648560228465,-0.035009021092630155,3740.15849609375,111.85778708025167,3963.874070254253,3516.4429219332465,82.43769159006469,0.25177504640471293,-1.2283094125424485
2022-10-12,3590.830078125,3608.340087890625,3573.860107421875,3577.030029296875,3577.030029296875,4006830000,3676.6642717633927,3732.3904738653273,3675.1501650567816,3766.1057896140355,-90.95562455725394,37.69113144768683,-0.01742630537177514,3721.7094970703124,106.41524074128537,3934.539978552883,3508.879015587742,93.24568916273266,0.3405355779625823,-1.0990232240611728
2022-10-13,3520.3701171875,3685.409912109375,3491.580078125,3669.909912109375,3669.909912109375,5021680000,3659.3756975446427,3719.242850167411,3674.343972295642,3758.9801690581344,-84.63619676249255,48.472216668559355,0.023507731484949,3710.137487792969,98.11220467764107,3906.361897148251,3513.9130784376866,78.59735793071451,0.3911059964919666,-1.038537809005935
2022-10-14,3690.409912109375,3712.0,3579.679931640625,3583.070068359375,3583.070068359375,4243030000,3630.7742745535716,3704.0866582961307,3660.3018332285237,3745.9497912285965,-85.64795800007278,45.56752928652301,-0.025924066803881818,3695.6244873046876,94.08726445117935,3883.7990162070464,3507.449958402329,60.28991607326114,0.47722213606650804,-0.8876065819975154
2022-10-17,3638.64990234375,3689.72998046875,3638.64990234375,3677.949951171875,3677.949951171875,4352780000,3621.2642647879466,3694.7828427269346,3663.0169282967317,3740.9127660392096,-77.89583774247785,51.70526250611383,-0.029802708703680736,3684.527490234375,80.89012035914912,3846.307730952673,3522.747249516077,41.76045147504318,0.599510253180221,-0.4972787392749298
2022-10-18,3746.260009765625,3762.7900390625,3686.530029296875,3719.97998046875,3719.97998046875,4483740000,3632.7385602678573,3686.2157040550596,3671.7804747847345,3739.3621893302866,-67.58171454555213,50.05406565283503,-0.016731526172512612,3677.7299926757814,70.81294207656826,3819.355876828918,3536.1041085226448,56.19666112423663,0.3786844860775035,-0.7545573220974222
2022-10-19,3703.110107421875,3728.580078125,3666.510009765625,3695.159912109375,3695.159912109375,4223800000,3644.5628487723216,3678.559988839286,3675.377311296218,3736.087946573182,-60.710635276963785,53.353115833604264,-0.013181958479168143,3672.991491699219,65.91098083695442,3804.8134533731277,3541.16953002531,59.794158894761395,0.1537941794329589,-1.0416002417204258
2022-10-20,3689.050048828125,3736.0,3656.43994140625,3665.780029296875,3665.780029296875,4496620000,3655.554268973214,3672.6480887276784,3673.9008063732426,3730.8799527008628,-56.97914632762013,55.073159742534074,0.007176526878403422,3668.380993652344,62.80421419603305,3793.98942204441,3542.772565260278,54.69843396676117,0.20796685393386288,-0.8265145694875655
2022-10-21,3657.10009765625,3757.889892578125,3647.419921875,3752.75,3752.75,5078020000,3680.6571219308034,3672.3985653831846,3686.03145154659,3732.4999562045023,-46.46850465791249,54.73859469919968,0.03885519326423026,3671.3569946289062,65.40020221475325,3802.157399058413,3540.5565901993996,52.94870693622477,0.20218212681037784,-0.8142918944135493
2022-10-24,3762.010009765625,3810.739990234375,3741.64990234375,3797.340087890625,3797.340087890625,4747930000,3698.8614327566966,3677.3561895461307,3703.15585713798,3737.302928921993,-34.14707178401295,50.44745565833038,0.058096765220472024,3678.4719970703127,71.02985810239913,3820.531713275111,3536.4122808655143,68.31425777857426,0.23524020656130984,-0.9792111192556119
2022-10-25,3799.43994140625,3862.85009765625,3799.43994140625,3859.110107421875,3859.110107421875,4843120000,3738.295724051339,3687.0738118489585,3727.1488187201176,3746.3256828849476,-19.17686416483002,54.921412676773144,0.0788587391815796,3689.0630004882814,81.19955905930506,3851.4621186068916,3526.6638823696712,69.98521421057947,0.38823868430928105,-0.701066303709041
2022-10-26,3825.969970703125,3886.14990234375,3824.070068359375,3830.60009765625,3830.60009765625,4817310000,3760.1028878348216,3695.8028622581846,3743.064400094907,3752.568232127266,-9.503832032359242,55.66197351373677,0.043785866518591066,3694.641003417969,86.99239051309347,3868.6257844441557,3520.656222391782,71.8066844437465,0.25541860029278746,-0.9714226060360596
2022-10-27,3834.68994140625,3859.949951171875,3803.7900390625,3807.300048828125,3807.300048828125,4687320000,3772.5771833147323,3700.0057198660716,3752.946807592325,3756.622440771774,-3.6756331794490507,62.35191815635945,0.06258040624123806,3702.9825073242187,89.48736756349695,3881.9572424512126,3524.0077721972248,71.25735934051983,0.18344694224551958,-1.1769639577313447
2022-10-28,3808.260009765625,3905.419921875,3808.260009765625,3901.06005859375,3901.06005859375,4459410000,3801.9914899553573,3712.414771670387,3775.7334615925442,3767.321523573402,8.411938019142326,69.37150687427156,0.06066153982078726,3718.754504394531,95.32146662245356,3909.397437639438,3528.111571149624,76.29293640757717,0.2058665825900678,-1.0289943226088751
2022-10-31,3881.85009765625,3893.72998046875,3863.179931640625,3871.97998046875,3871.97998046875,4820620000,3831.4486258370534,3726.050955636161,3790.5406183427294,3775.0740018619463,15.46661648078316,68.86040476312058,0.04086043494805214,3728.4320068359375,100.68615967773911,3929.804326191416,3527.059687480459,50.32302270217491,0.09458338977531723,-1.0970171047577495
2022-11-01,3901.7900390625,3911.7900390625,3843.800048828125,3856.10009765625,3856.10009765625,4481210000,3846.2129255022323,3734.5114397321427,3800.626692083271,3781.075934883747,19.550757199524014,68.48906042910718,0.04355432224176803,3731.6905151367187,103.8209859994998,3939.332487135718,3524.048543137719,36.7032451455633,-0.058434885997021006,-1.2170943963595302
2022-11-02,3852.89990234375,3894.43994140625,3758.679931640625,3759.68994140625,3759.68994140625,4899000000,3840.8343331473216,3733.0238211495534,3794.328730440652,3779.491787218747,14.83694322190513,55.920447414067624,0.025617988902456812,3730.5110107421874,103.33690705446152,3937.1848248511105,3523.8371966332643,46.50795085415088,-0.022478292218117858,-1.1793267841314272
2022-11-03,3733.25,3750.590087890625,3698.14990234375,3719.889892578125,3719.889892578125,4625290000,3820.945731026786,3730.0052432105654,3782.8766015387246,3775.0768320601824,7.799769478542203,59.6192096516505,-0.008756274044867118,3729.279504394531,103.30792869612328,3935.895361786778,3522.6636470022845,63.904349454230804,0.06275907527921117,-1.1345824038218775
2022-11-04,3766.97998046875,3796.340087890625,3708.840087890625,3770.550048828125,3770.550048828125,5400180000,3812.3671526227677,3731.2447684151784,3780.9802088140173,3774.7415147837337,6.238694030283568,56.94194818933551,-0.0070549485804368706,3735.824011230469,101.46116955454785,3938.7463503395647,3532.901672121373,66.37515751673152,0.02757481669856294,-1.1610624578997852
2022-11-07,3780.7099609375,3813.949951171875,3764.699951171875,3806.800048828125,3806.800048828125,4341620000,3812.295724051339,3739.2038225446427,3784.9524918931106,3777.1162210092443,7.836270883866291,56.56553534734389,-0.013554953638961198,3745.5445190429687,98.27588997122311,3942.0962989854147,3548.9927391005226,66.38178791623304,-0.1552869140857995,-1.0957545119662744
2022-11-08,3817.02001953125,3859.39990234375,3786.280029296875,3828.110107421875,3828.110107421875,4607640000,3801.8743024553573,3749.4762137276784,3791.592125051382,3780.8935459286986,10.69857912268344,60.10766131936159,-0.0006500261501842797,3757.508020019531,92.59508653905715,3942.6981930976453,3572.317846941417,54.84826955611113,-0.3417168435028466,-0.91832350361801
2022-11-09,3810.93994140625,3818.199951171875,3744.219970703125,3748.570068359375,3748.570068359375,4645010000,3784.244315011161,3757.0824032738096,3784.9733470987653,3778.4992142568967,6.474132841868595,55.8481537102047,-0.015425624383564651,3766.0850219726562,82.37891706743014,3930.8428561075166,3601.327187837796,47.959733321580146,-0.40108629390668027,-0.603608875235242
2022-11-10,3859.889892578125,3958.330078125,3859.889892578125,3956.3701171875,3956.3701171875,5781260000,3798.568603515625,3775.146216982887,3811.3420809585705,3791.6748366962006,19.667244262369877,62.28609796611507,0.014178212527619527,3780.4080322265627,89.38245053697067,3959.172933300504,3601.643131152621,78.34598235695628,-0.0684452951215697,-0.40003300829583965
2022-11-11,3963.719970703125,4001.47998046875,3944.820068359375,3992.929931640625,3992.929931640625,5593310000,3831.888602120536,3790.528122674851,3839.278673371194,3806.5826215068987,32.69605186429544,61.91704881025269,0.03123723567321557,3800.901025390625,88.73949372557428,3978.3800128417734,3623.4220379394765,104.34060975377726,0.07685567963925921,-0.19616993413428174
2022-11-14,3977.969970703125,4008.969970703125,3956.39990234375,3957.25,3957.25,4561930000,3865.797188895089,3808.346214657738,3857.4281082371645,3817.7431680619434,39.68494017522107,56.1758915597383,0.02623114021475459,3814.8660278320312,90.33471866600009,3995.5354651640314,3634.196590500031,100.37014861878123,0.35975180858560374,-0.7144424661151638
2022-11-15,4006.409912109375,4028.840087890625,3953.169921875,3991.72998046875,3991.72998046875,5015310000,3897.3943219866073,3823.2881208147323,3878.0899347343316,3830.631080092077,47.458854642254664,60.0641985549988,0.06171786574924565,3828.4535278320313,95.59562838658606,4019.6447846052033,3637.2622710588594,100.20262718438397,0.3271244280928027,-0.8439232397133885
2022-11-16,3976.820068359375,3983.090087890625,3954.340087890625,3958.7900390625,3958.7900390625,4165320000,3919.107177734375,3834.6600283668154,3890.505335400204,3840.1243363121084,50.38099908809545,59.34950088522244,0.06422237038817347,3841.6350341796874,94.41714138008268,4030.469316939853,3652.800751419522,93.54622206962922,0.15276781848411292,-0.984445194592491
2022-11-17,3919.260009765625,3954.330078125,3906.5400390625,3946.56005859375,3946.56005859375,4051780000,3936.0285993303573,3846.6314639136904,3899.1291389684416,3848.0084638885264,51.120675079915145,53.122340361369076,0.04668019453032546,3855.674035644531,87.51533456748078,4030.7047047794927,3680.6433665095697,84.6307925454451,0.022648916013993322,-1.0117646112285865
2022-11-18,3966.389892578125,3979.889892578125,3935.97998046875,3965.340087890625,3965.340087890625,4037360000,3966.9957449776784,3860.8962286086307,3909.3154388026237,3856.6996952960894,52.61574350653427,56.49850335067953,0.04164653699405729,3866.3035400390627,87.26647048073141,4040.8364810005255,3691.7705990776,18.16562707535415,0.08742046768565644,-1.353909399529078
2022-11-21,3956.22998046875,3962.0,3933.340087890625,3949.93994140625,3949.93994140625,3850690000,3966.0771484375,3870.2862258184523,3915.5653622801046,3863.6063801931386,51.95898208696599,56.536261586505205,0.03182506003371577,3873.9335327148438,87.5899701870197,4049.113473088883,3698.7535923408045,18.93862796223345,-0.08745735809604717,-1.332054025672461
2022-11-22,3965.510009765625,4005.8798828125,3956.8798828125,4003.580078125,4003.580078125,3887990000,3967.5985979352677,3880.107177734375,3929.106087794704,3873.974802262165,55.13128553253864,68.0640543809094,0.06802860960719204,3881.15703125,92.14204390576893,4065.441119061538,3696.872943438462,21.68418734132909,-0.22210087116194946,-1.2853043749808433
2022-11-23,4000.300048828125,4033.780029296875,3998.659912109375,4027.260009765625,4027.260009765625,3279720000,3977.600027901786,3888.1143159412204,3944.206691174845,3885.3292620772363,58.87742909760891,73.32271235170762,0.017917912247431333,3890.990026855469,96.83662030035602,4084.663267456181,3697.3167862547566,30.477899798222904,-0.2564333369429021,-1.2977745292041858
2022-11-25,4023.340087890625,4034.02001953125,4020.760009765625,4026.1201171875,4026.1201171875,1706460000,3982.5129045758927,3897.4247930617557,3956.8087567152534,3895.758214307626,61.05054240762729,70.9679616220493,0.008312238410163486,3901.9310302734375,99.2156893810536,4100.362409035544,3703.4996515113303,35.49413862622825,-0.3705340012944841,-1.2512035532719084
2022-11-28,4005.360107421875,4012.27001953125,3955.77001953125,3963.93994140625,3963.93994140625,3615430000,3983.248604910714,3904.883835565476,3957.9058620523297,3900.8087126112277,57.09714944110192,62.36620703302869,0.001690553138227413,3905.0750244140627,100.17825161940117,4105.431527652865,3704.7185211752603,34.96997542836635,-0.5636349910715723,-1.0479250844761043
2022-11-29,3964.18994140625,3976.77001953125,3937.64990234375,3957.6298828125,3957.6298828125,3546040000,3984.830008370536,3907.57763671875,3957.8634037077404,3905.0176881816924,52.845715526048025,60.43907996670596,-0.00854268646003098,3909.35751953125,100.51915129698153,4110.395822125213,3708.319216937287,33.241938174384714,-0.6285738488189218,-1.0301713985491485
2022-11-30,3957.179931640625,4080.110107421875,3938.580078125,4080.110107421875,4080.110107421875,6579360000,4001.2257254464284,3917.488595145089,3976.6705888945307,3917.9874970142982,58.683091880232496,74.99170003216928,0.0306457445740429,3920.5580200195313,106.57069925015128,4133.699418519834,3707.416621519229,47.34071930771152,-0.5797095566096169,-0.9227259596582469
2022-12-01,4087.139892578125,4100.509765625,4050.8701171875,4076.570068359375,4076.570068359375,4527130000,4019.315743582589,3927.9871651785716,3992.03973958143,3929.734354150971,62.305385430458955,63.092527559143065,0.03294261529924625,3936.4020263671873,104.93846181709763,4146.278950001382,3726.525102732992,48.65295348799746,-0.6403859656295787,-0.8193144105374732
2022-12-02,4040.169921875,4080.47998046875,4026.6298828125,4071.699951171875,4071.699951171875,4012620000,4029.0471540178573,3942.8447846912204,4004.295156749191,3940.250324300667,64.04483244852372,59.216088865123275,0.026822381163737363,3953.992529296875,95.82578576013687,4145.644100817149,3762.3409577766015,51.698244477897276,-0.7967257656454351,-0.39702313565807845
2022-12-05,4052.02001953125,4052.449951171875,3984.489990234375,3998.840087890625,3998.840087890625,4280820000,4024.9871651785716,3956.128127325149,4003.4559153863347,3944.590306788812,58.86560859752262,54.47657218598457,0.012379972153947705,3965.40703125,85.90796356963084,4137.222958389261,3793.5911041107383,52.96246986686148,-0.9020236522736855,0.03366952967357717
2022-12-06,3996.6298828125,4001.510009765625,3918.389892578125,3941.260009765625,3941.260009765625,4368380000,4012.8642926897323,3964.2571730840773,3993.8873145216103,3944.343618120428,49.54369640118239,44.824979284897125,-0.015566085139618657,3972.130029296875,77.7128031203988,4127.555635537672,3816.7044230560773,61.65812192784405,-1.0096764139040322,0.8473182142307665
2022-12-07,3933.280029296875,3957.570068359375,3922.679931640625,3933.919921875,3933.919921875,4118050000,4008.5757184709823,3970.310500372024,3984.661561806747,3943.5714924726185,41.09006933412866,47.308608078931435,-0.02317707018277604,3977.420520019531,70.67524102256196,4118.771002064655,3836.070037974407,66.48335938542492,-1.1434781436226913,2.029967568287047
2022-12-08,3947.7900390625,3974.18994140625,3935.830078125,3963.510009765625,3963.510009765625,4006900000,4009.4157366071427,3976.7581147693454,3981.4074768773435,3945.048419679508,36.35905719783568,51.7678633723521,-0.01555097851020204,3988.167517089844,46.12101834375095,4080.4095537773455,3895.925480402342,65.7656482873353,-1.3824269081059388,4.028179630236381
2022-12-09,3954.169921875,3977.02001953125,3933.0400390625,3934.3798828125,3934.3798828125,3888260000,3988.5971330915177,3985.606201171875,3974.1724624058293,3944.258157689359,29.91430471647027,46.839124437494114,-0.0074572417924332335,3987.068005371094,47.16916631625387,4081.406338003602,3892.729672738586,62.64916664959811,0.9193162524666577,-0.363611669902284
2022-12-12,3939.2900390625,3990.7099609375,3935.300048828125,3990.56005859375,3990.56005859375,3904130000,3976.309988839286,3987.2342936197915,3976.693631050125,3947.687928126721,29.005702923403987,53.8283232413597,0.008320681002602415,3986.94951171875,47.156640549089985,4081.26279281693,3892.6362306205697,49.59386190362135,0.8526959230714257,-0.3922149796620107
2022-12-13,4069.3798828125,4100.9599609375,3993.030029296875,4019.64990234375,4019.64990234375,5079360000,3968.874267578125,3988.5066731770835,3983.3022881722213,3953.01844473539,30.283843436831376,51.588019239009185,-0.014818277812685854,3990.0695068359373,47.15249246619414,4084.3744917683257,3895.764521903549,34.51902945028633,0.756898853783198,-0.5867218532377887
2022-12-14,4015.5400390625,4053.760009765625,3965.64990234375,3995.320068359375,3995.320068359375,4472340000,3968.371407645089,3990.319533575149,3985.1511774317833,3956.1518983371666,28.999279094616668,46.847745525796604,-0.019930971046132284,3990.2490112304686,47.16597801314241,4084.5809672567534,3895.9170552041837,34.031946462877954,0.6788867420200656,-0.6019566279776978
2022-12-15,3958.3701171875,3958.3701171875,3879.449951171875,3895.75,3895.75,4493900000,3961.8699776785716,3985.7490583147323,3971.397150134586,3951.6776836455247,19.719466489061233,39.22651443254376,-0.04321289713924892,3987.0970092773437,51.30386977515214,4089.704748827648,3884.4892697270393,43.18950700579516,0.4565799671846553,-0.5684703601804482
2022-12-16,3890.909912109375,3890.909912109375,3827.909912109375,3852.360107421875,3852.360107421875,7493660000,3950.218575613839,3980.6809663318454,3953.0837589480147,3944.3208261474765,8.762932800538238,40.483766656963674,-0.03663061719130101,3982.38701171875,58.97223291072387,4100.331477540198,3864.442545897302,59.79537463455226,-0.049322263652808986,-0.21647129237040597
2022-12-19,3853.7900390625,3854.860107421875,3800.0400390625,3817.659912109375,3817.659912109375,3969610000,3929.3828473772323,3974.5428641183034,3932.249320972839,3934.938536218728,-2.689215245889045,38.613859419790764,-0.03136055407407645,3975.0030029296877,69.52118528032061,4114.0453734903285,3835.9606323690464,77.25408836683897,-0.457644966639403,0.022585883515041427
2022-12-20,3810.469970703125,3838.239990234375,3795.6201171875,3821.6201171875,3821.6201171875,3985370000,3913.2743094308034,3967.6990559895835,3915.2294434674022,3926.544579253452,-11.315135786049723,23.94940139782919,-0.028546540579802993,3968.58701171875,77.42757654198348,4123.442164802717,3813.7318586347833,87.15943791671913,-0.47549559955385734,-0.3912369806343272
2022-12-21,3839.489990234375,3889.820068359375,3839.489990234375,3878.43994140625,3878.43994140625,3775200000,3897.257149832589,3964.2942940848216,3909.569520073379,3922.9812727462518,-13.411752672872808,31.968840887225966,-0.021463316138920385,3962.3300048828123,79.48006683990673,4121.2901385626255,3803.369871202999,80.64852351260514,-0.37463762447016136,-0.6884240421786827
2022-12-22,3853.260009765625,3853.260009765625,3764.489990234375,3822.389892578125,3822.389892578125,3956950000,3869.0771484375,3955.666190011161,3896.1572696894937,3915.5300594004643,-19.372789710970665,29.244582763215547,-0.028464457823101363,3952.0864990234377,83.7581985695133,4119.602896162464,3784.570101884411,63.365920203917646,-0.24701688008171158,-0.9537930924011229
2022-12-23,3815.110107421875,3845.800048828125,3797.010009765625,3844.820068359375,3844.820068359375,2819280000,3847.5771484375,3946.9785737537204,3888.259238715629,3910.2922822863093,-22.033043570680093,36.00226851354673,-0.036521187024994406,3943.0214965820314,85.1237198275429,4113.2689362371175,3772.774056926946,30.295269606684837,-0.061828777454038454,-1.075060543294183
2022-12-27,3843.340087890625,3846.64990234375,3813.219970703125,3829.25,3829.25,3030300000,3838.0771484375,3937.603806268601,3879.18089429784,3904.2891502651014,-25.108255967261357,38.97866084362095,-0.04736728495502385,3936.286999511719,88.63711024916581,4113.56122001005,3759.0127790133874,21.948162054552803,0.10801740139888112,-1.1032077193381231
2022-12-28,3829.56005859375,3848.320068359375,3780.780029296875,3783.219970703125,3783.219970703125,3083520000,3828.1999860491073,3928.998093377976,3864.4176752832686,3895.32106289014,-30.903387606871547,36.22085140180699,-0.05308713545529431,3927.56650390625,94.7926448184149,4117.15179354308,3737.9812142694204,28.904237230153054,0.13634741909259745,-1.1481186340010765
2022-12-29,3805.449951171875,3858.18994140625,3805.449951171875,3849.280029296875,3849.280029296875,3003680000,3832.7171456473216,3923.838576543899,3862.088806669977,3891.9106159573057,-29.821809287328506,40.208476335571135,-0.01192837597461982,3916.025,89.12509233968957,4094.2751846793794,3737.7748153206207,29.44817913998676,0.266867349600228,-1.1832219258754455
2022-12-30,3829.06005859375,3839.85009765625,3800.340087890625,3839.5,3839.5,2979870000,3835.271414620536,3912.3809523809523,3858.6136056438268,3888.0283481086162,-29.41474246478947,41.58807298065526,-0.0033382412503698555,3904.171496582031,82.14031813129401,4068.452132844619,3739.890860319443,29.098581209924642,0.39343087060321597,-1.05260062123233
